{"f1_score": 0.6667, "accuracy": 0.8086, "confusion_matrix": [[100, 11], [20, 31]], "classification_report": {"delivered": {"precision": 0.8333333333333334, "recall": 0.9009009009009009, "f1-score": 0.8658008658008658, "support": 111.0}, "cancelled": {"precision": 0.7380952380952381, "recall": 0.6078431372549019, "f1-score": 0.6666666666666666, "support": 51.0}, "accuracy": 0.808641975308642, "macro avg": {"precision": 0.7857142857142858, "recall": 0.7543720190779014, "f1-score": 0.7662337662337662, "support": 162.0}, "weighted avg": {"precision": 0.8033509700176367, "recall": 0.808641975308642, "f1-score": 0.8031104697771364, "support": 162.0}}, "feature_importance_data": [["quantity", 0.103], ["pricing_totalPrice", 0.1307], ["pricing_deliveryFee", 0.0714], ["pricing_emergencyFee", 0.0057], ["estimatedDeliveryMinutes", 0.0944], ["distance_km", 0.0967], ["hour_of_day", 0.037], ["day_of_week", 0.0349], ["is_weekend", 0.0074], ["isEmergency", 0.0065], ["isFarZone", 0.0649], ["fuelType", 0.0125], ["requestSource", 0.0225], ["priority", 0.0055], ["cost_per_km", 0.0648], ["delivery_fee_ratio", 0.0767], ["is_night", 0.0087], ["quantity_x_distance", 0.1323], ["is_peak_hour", 0.0072], ["is_late_night", 0.0014], ["past_orders", 0.0004], ["past_cancellations", 0.0154], ["past_cancellation_rate", 0.0002]], "n_samples": 810, "n_cancelled": 256, "new_samples": 10, "best_params": {"max_depth": 10, "min_samples_leaf": 1, "min_samples_split": 2, "n_estimators": 300}, "best_cv_f1": 0.8421, "trained_at": "2026-07-04T19:09:30.165350"}